,Units,FLUEGAS,LEANIN,CLEANGAS,RICHOUT,RICHPUMP,RICHHEAT,COND,CO2OUT,REFLUX,FLUXPUMP,W-MAKEUP,W-MAKEUP,MEAIN,MIX
Description,,,,,,,,,,,,,,,
From,,,COOLER,ABSORBER,ABSORBER,PUMP,HEATER,STRIPPER,FLASHSEP,FLASHSEP,PUMP2,,,,MIXER
To,,ABSORBER,ABSORBER,,PUMP,HEATER,STRIPPER,FLASHSEP,,PUMP2,STRIPPER,MIXER,MIXER,MIXER,COOLER
Stream Class,,CONVEN,CONVEN,CONVEN,CONVEN,CONVEN,CONVEN,CONVEN,CONVEN,CONVEN,CONVEN,CONVEN,CONVEN,CONVEN,CONVEN
Maximum Relative Error,,,,,,,,,,9.63E-05,,,,,
Cost Flow,$/sec,,,,,,,,,,,,,,
MIXED Substream,,,,,,,,,,,,,,,
Phase,,,Liquid Phase,Vapor Phase,Liquid Phase,Liquid Phase,,Vapor Phase,Vapor Phase,Liquid Phase,Liquid Phase,Liquid Phase,Liquid Phase,Liquid Phase,
Temperature,K,313,313.15,341.6618541,317.933384,317.0125865,353.15,352.4076101,313.15,313.15,313.180658,313.15,313.15,313.15,379.7430605
Pressure,atm,1.085615593,1.085615593,0.986923267,0.986923267,1.973846533,2.9607698,1.973846533,1.8,1.8,2.8,1.085615593,1.085615593,1.085615593,1.085615593
Molar Vapor Fraction,,0.982848365,0,1,0,0,1.27E-05,1,1,0,0,0,0,0,0.030753091
Molar Liquid Fraction,,0.017151635,1,0,1,1,0.999987257,0,0,1,1,1,1,1,0.969246909
Molar Solid Fraction,,0,0,0,0,0,0,0,0,0,0,0,0,0,0
Mass Vapor Fraction,,0.989537793,0,1,0,0,1.50E-05,1,1,0,0,0,0,0,0.019395859
Mass Liquid Fraction,,0.010462207,1,0,1,1,0.999984985,0,0,1,1,1,1,1,0.980604141
Mass Solid Fraction,,0,0,0,0,0,0,0,0,0,0,0,0,0,0
Molar Enthalpy,J/kmol,-74892549.99,-311752836.3,-64881982.67,-337119348.7,-337092362.7,-333895629.1,-360764571.2,-386710214.2,-284850659.5,-284846740.4,-284699052.3,-284699052.3,-270477023.3,-304545995.5
Mass Enthalpy,J/kg,-2535546.745,-10603603.57,-2510989.897,-10399171.74,-10399076.66,-10305896.53,-9312290.61,-9007099.374,-15784906.81,-15784689.63,-15803198.86,-15803198.86,-4427972.351,-10362983.75
Molar Entropy,J/kmol-K,1949.142804,-234724.4445,-688.7091896,-249297.4235,-249149.5658,-239996.1537,-2011.147702,-810.9725341,-159502.348,-159496.4332,-159525.9585,-159525.9585,-497611.3731,-215409.6779
Mass Entropy,J/kg-K,65.98977724,-7983.648162,-26.65365246,-7690.115479,-7686.099481,-7407.630744,-51.9130573,-18.88884735,-8838.770826,-8838.443062,-8855.036305,-8855.036305,-8146.382917,-7329.884565
Molar Density,kmol/cum,0.043058935,37.7502913,0.035257403,38.39096513,36.9990371,35.74405374,0.068795618,0.070629951,54.90878402,54.91053956,55.0811372,55.0811372,16.385279,1.106810195
Mass Density,kg/cum,1.271833574,1109.883098,0.91102327,1244.554613,1199.346177,1158.053865,2.665189754,3.032421667,990.8708065,990.9024865,992.3021094,992.3021094,1000.873795,32.52679157
Enthalpy Flow,Watt,-591923648.5,-6642755373,-543597257.8,-6691086371,-6691025196,-6631070776,-446556937.7,-398031965.3,-59391971.82,-59391154.69,-427255604,-427255604,-845523.4625,-6492007798
Average MW,,29.53704173,29.4006499,25.83920499,32.41790377,32.41560513,32.39850392,38.74069081,42.93393446,18.04576124,18.04576124,18.01528,18.01528,61.08372,29.3878677
Mole Flows,kmol/sec,7.903638594,21.30776243,8.378246709,19.84782658,19.84923402,19.85971123,1.237807072,1.029277093,0.208502139,0.208502139,1.500727173,1.500727173,0.003126045,21.31700266
Mole Fractions,,,,,,,,,,,,,,,
MEA,,0,0.080040087,0.00037344,0.005353904,0.001571493,0.003321002,2.22E-05,8.99E-12,2.30E-08,2.31E-08,0,0,1,0.081546413
H2O,,0.083333309,0.796469589,0.252656899,0.756586247,0.765847834,0.766223712,0.202680143,0.041345808,0.999005447,0.999005447,0.999999994,0.999999994,0,0.796644427
CO2,,0.138345547,2.02E-08,1.27E-02,6.58E-05,1.37E-04,0.000664205,0.797239182,0.958583898,0.000730623,0.000730623,0.00E+00,0,0,0.000433912
H3O+,,1.27E-08,3.38E-12,0.00E+00,1.17E-10,3.68E-10,1.74E-09,0,0,5.51E-08,5.51E-08,3.01E-09,3.01E-09,0,1.70E-10
OH-,,2.12E-13,1.16E-05,0.00E+00,5.81E-07,2.08E-07,3.36E-07,0,0,1.98E-10,1.98E-10,3.01E-09,3.01E-09,0,6.31E-06
HCO3-,,1.27E-08,0.000234395,0,0.019111975,0.015186402,0.015873732,0,0,0.000131942,0.000131942,0,0,0,0.000900976
CO3-2,,1.85E-14,0.001331904,0,0.007581986,0.002190807,0.000714269,0,0,3.64E-09,3.64E-09,0,0,0,0.000149481
MEAH+,,0,0.062410655,0,0.122785706,0.117315077,0.115250371,0,0,0.000131899,0.000131899,0,0,0,0.060761916
MEACOO-,,0,0.059501737,0,0.088510141,0.097747818,0.097948729,0,0,5.32E-09,5.33E-09,0,0,0,0.059556568
N2,,0.742257548,0,0.700202475,3.34E-06,3.34E-06,3.34E-06,5.36E-05,6.44E-05,1.15E-09,1.15E-09,0.00E+00,0,0,0
O2,,0.03606357,0,0.034019934,3.04E-07,3.04E-07,3.03E-07,4.87E-06,5.85E-06,1.98E-10,1.98E-10,0.00E+00,0,0,0
CO,,0,0,0,0,0,0,0,0,0,0,0,0,0,0
H2,,0,0,0,0,0,0,0,0,0,0,0,0,0,0
H2S,,0,0,0,0,0,0,0,0,0,0,0,0,0,0
HS-,,0,0,0,0,0,0,0,0,0,0,0,0,0,0
S-2,,0,0,0,0,0,0,0,0,0,0,0,0,0,0
Mass Flows,kg/sec,233.4501029,626.4620634,216.4872342,643.4249322,643.4249322,643.4249322,47.95350107,44.19091527,3.76257982,3.76257982,27.03602023,27.03602023,0.190950484,626.4612541
MEA,kg/sec,0,104.1767671,0.191116889,6.490961619,1.905380635,4.028723754,0.001680299,5.65E-10,2.93E-07,2.94E-07,0,0,0.190950484,106.1833645
H2O,kg/sec,11.8655184,305.7370428,38.13513803,270.5281209,273.8591505,274.1381853,4.519653885,0.766663536,3.752488654,3.752488654,27.03602007,27.03602007,0,305.9367709
CO2,kg/sec,48.12177677,1.89E-05,4.70E+00,0.057488978,0.119430054,0.580529842,43.43011604,43.4222009,0.006704298,0.006704298,0,0,0,0.407077536
H3O+,kg/sec,1.90E-06,1.37E-09,0.00E+00,4.43E-08,1.39E-07,6.59E-07,0,0,2.19E-07,2.19E-07,8.60E-08,8.60E-08,0,6.90E-08
OH-,kg/sec,2.84E-11,0.004208415,0,0.000196165,7.01E-05,0.000113374,0,0,7.02E-10,7.03E-10,7.69E-08,7.69E-08,0,0.002286235
HCO3-,kg/sec,6.11E-06,0.304748523,0,23.14591117,18.39307724,19.23568872,0,0,0.001678603,0.001678602,0,0,0,1.171912883
CO3-2,kg/sec,8.79E-12,1.703086171,0,9.030706675,2.609597946,0.851257033,0,0,4.56E-08,4.56E-08,0,0,0,0.191222493
MEAH+,kg/sec,0,82.57070896,0,151.31786,144.5862544,142.1165593,0,0,0.001707585,0.001707584,0,0,0,80.42425041
MEACOO-,kg/sec,0,131.9654826,0,182.8516358,201.9499203,202.4718234,0,0,1.15E-07,1.16E-07,0,0,0,132.1443692
N2,kg/sec,164.3420722,0,164.3402142,0.001857997,0.001857997,0.001857997,0.001858004,0.001857998,6.71E-09,6.71E-09,0.00E+00,0,0,0
O2,kg/sec,9.120727553,0,9.120534717,0.000192836,0.000192836,0.000192836,0.000192838,0.000192836,1.32E-09,1.32E-09,0.00E+00,0,0,0
CO,kg/sec,0,0,0,0,0,0,0,0,0,0,0,0,0,0
H2,kg/sec,0,0,0,0,0,0,0,0,0,0,0,0,0,0
H2S,kg/sec,0,0,0,0,0,0,0,0,0,0,0,0,0,0
HS-,kg/sec,0,0,0,0,0,0,0,0,0,0,0,0,0,0
S-2,kg/sec,0,0,0,0,0,0,0,0,0,0,0,0,0,0
Mass Fractions,,,,,,,,,,,,,,,
Volume Flow,cum/sec,183.5539711,0.564439682,237.6308502,0.516992123,0.536479746,0.555608812,17.99252793,14.57281345,0.003797246,0.003797124,0.027245755,0.027245755,0.000190784,19.25985392
Vapor Phase,,,,,,,,,,,,,,,
Liquid Phase,,,,,,,,,,,,,,,
<add properties>,,,,,,,,,,,,,,,
